PartNumber,Location,Description,InventoryPlanning,FixedLeadTime,AverageDailyUsage,ForecastedDailyUsage,OrderCycle,OrderMinimumQty,OrderMultipleQty,RawMaterialsCost,GoodsReceiptTime
CAPA01924GGG0001,635LO1,PN S AL 150 WH S9010 050 00,B12M,8,21.92353,21.88403,5,300,25,3.6725,0
STCL00064GGG0001,635LO1,CL1216 100 HD 00000 000,STEEL,100,1572.23076,1620.6562,21,25000,25000,1.232,0
CAPA00499GGG0001,635LO1,PN S AL 150 YW R1023 120 00,B13M,8,6.73215,9.23174,5,300,25,6.4788,0
CAPA00508GGG0001,635LO1,PN S AL 150 RD R3009 120 00,B13M,10,37.98953,37.71891,5,800,800,2.8147,0
REPL00005GGG0001,635LO1,HDPE V LYONBASL 5261Z    VI BK,B11M,5,3667.7123,3372.1715,5,25000,25000,1.2881,0
CHAG00013GGG0001,635LO1,ADHE THERMO   FP444,B11M,10,2.88787,2.75935,5,540,15,4.7342,0
FALL00021GGG0001,635LO1,SEAL  S021,B13M,10,258.10769,268.15277,5,10000,5000,0.018,0
STDI00002GGG0001,635LO1,DI642 100 CR 00000 000,B11C,7,3788.58461,3566.02205,8,10000,1,3.088,0
STSH00455GGG0001,635LO1,SH1800 0914 080 CR 0000000 000,B12C,7,751.60072,712.54596,8,2480,2480,10.239,0
CLPL00145CLR0001,635LO1,PL056AD006PP 00000 000 001 000,B22M,5,937.2923,942.11239,10,9000,500,0.1959,0
CAPA00515GGG0001,635LO1,PN S AL 150 BL R5002 120 00,B14M,5,2.77938,3.69605,5,200,25,3.3398,0
CLCS00330CLA0001,635LO1,CS020AA000TP 2057P 000 000 000,B44M,5,33.96923,49.51133,10,2500,2500,0.0534,0
GAGT00210GGG0001,635LO1,DL 066 055 RUB RO GY 0207,B21M,60,1959.35384,1819.00727,5,50000,2000,0.0735,0
CLPL00007CLA0001,635LO1,PL050AA008ST 10000 000 000 000,B11M,5,1256.63076,1308.72869,10,13500,13500,0.1625,0
CLCS00049CLA0001,635LO1,CS050AA000TP 3000P 000 000 000,B13M,5,150.30769,107.83024,10,2000,500,0.0897,0
FALL00045GGG0001,635LO1,SEAL  S008,B13M,10,0,12.52427,5,10000,10000,0.035,0
PKPL00116GGG0001,635LO1,WOCP9 1140 1140 156 NSHD NSPEC,B11M,3,86.17961,83.57556,5,250,1,17.8198,0
STDI00071GGG0001,635LO1,DI646 120 CR 00000 000,M55M,0,51.8923,14.90639,0,8000,8000,3.752,0
PKPL00121GGG0001,635LO1,WONS4 1150 1200 ZZZ NSNO HENKE,B14M,10,15.37692,13.15935,5,440,440,19.45,0
CLFL00014CLA0001,635LO1,FL050AC010ST 10000 000 000 000,B11M,5,2359.6,1957.89246,10,27000,27000,0.2528,0
CAPA00560GGG0001,635LO1,PN S AL 150 BK R9005 120 00,B13M,8,19.06015,22.39045,5,600,25,2.9536,0
CLCS00265CLA0001,635LO1,CS050AA000TP 2430P 000 000 000,B13M,15,52.73846,87.6086,10,3000,500,0.1045,0
PKFL00039GGG0001,635LO1,COVLPE 1250 1240 1220 055 S000,B11M,20,44.92022,46.76898,5,2000,1000,0.995,0
CLPL00182CLA0001,635LO1,PL050AA059ST 55000 000 000 000,B13M,5,46.27692,33.77566,10,250,250,0.5923,0
CLPL00028CLA0001,635LO1,PL020AA002ST 10000 000 000 000,B13M,5,293.15384,263.67997,10,2000,1000,0.0953,0
CLCS01566CLA0001,635LO1,CS020AA000TP 8127P 000 000 000,B13M,5,64.58461,65.12957,5,2500,2500,0.0534,0
CAPA00493GGG0001,635LO1,PN S AL 150 YW R1003 120 00,B13M,8,20.16923,15.94362,5,300,25,5.572,0
GACP00014GGG0001,635LO1,SMCOMP HA08,B11M,15,89.5604,87.82207,5,4054.4,0,2.349,0
CASL00015GGG0001,635LO1,1330    20 7 XYLENE   0,B11M,8,82.63152,131.73727,5,3600,100,0.82,0
GAGT00158GGG0001,635LO1,DL 055 016 RUB RO WH 1300,B51M,90,1959.35384,1819.00727,5,380000,0,0.0235,0
CLRI00104GGG0001,635LO1,EXL R02 STG 571 150 GCR-02L,B14M,10,130.6923,147.21124,0,1600,800,2.3303,0
GAGT00105GGG0001,635LO1,DL 571 110 R25 RO YW 1822,B21M,60,224.2923,200.51281,0,5000,1,0.7392,0
STSH00489GGG0001,635LO1,SH1800 0904 150 CR 0000000 000,M54P,0,44.35384,14.38985,0,600,600,21.3274,0
PKPL00308GGG0001,635LO1,WONS2 1120 1140 142 USHT WACKE,B14M,10,16.68461,31.29503,5,480,1,18.89,0
STDI00189GGG0001,635LO1,DI646 100 CR 00000 000,M52M,0,495.83076,376.73815,0,10000,10000,3.127,0
CLPL00085CLR0001,635LO1,PL056AD008PP 00000 000 001 000,B13M,5,283.38461,239.61896,10,2500,500,0.147,0
PKPL00119GGG0001,635LO1,WOCP3 1140 1140 138 NSHD NSPEC,B11M,7,281.69193,257.75502,1,540,1,15.8528,0
CAPA00513GGG0001,635LO1,PN S AL 150 RD R3020 120 00,B14M,8,1.01669,1.13652,5,200,25,5.1965,0
PKNC00064GGG0001,635LO1,SLVCD ZZZZ 1950 0894 448 R05,B13M_Lock,10,14.81538,0.0444,5,2000,2000,3.42,0
CAPA00498GGG0001,635LO1,PN S AL 150 YW R1021 120 00,B15M,5,0,1.47718,5,200,25,5.51,0
CAPA00550GGG0001,635LO1,PN S AL 150 GY R7012 120 00,B14M,8,5.73323,4.78178,5,150,25,3.3724,0
STCL00093GGG0001,635LO1,CL0904 150 CR 00000 000,STEEL,100,752.46153,267.98223,21,25000,25000,1.141,0
DRST00999DE10002,635LO1,THO 216 120120120 L20 0 GA 0 P,M53P,5,86.73846,67.56102,0,10,1,54.7643,0
GAGT00043GGG0001,635LO1,DL 571 090 R25 RO YW 1820,B25M,60,131.4923,147.12712,5,3000,1,0.3978,0
CLPL00001CLA0001,635LO1,PL050AA001ST 10000 000 000 000,B12M,5,557.35384,292.8185,10,9000,9000,0.1625,0
CLCS01820CLA0001,635LO1,CS020AA000TP 8315P 000 000 000,B12M,5,289.73846,168.22443,5,2500,2500,0.0633,0
CLCS00355CLA0001,635LO1,CS020AA000TP 2645P 000 000 000,B12M,5,565.46153,567.66017,10,5000,2500,0.0534,0
STDI00003GGG0001,635LO1,DI642 090 CR 00000 000,B14C,7,141.47692,235.17233,8,11000,1,1.918,0
STSH00454GGG0001,635LO1,SH1800 0910 120 CR 0000000 000,B12C,7,401.70769,318.25747,8,1680,1680,15.155,0
PKNC00502GGG0001,635LO1,SHTCO 1100 1100 0000 25E R05,B11M,15,22.7318,28.35637,5,500,500,0.6968,0
CLPL00157CLA0001,635LO1,PL050AA009ST 10000 000 000 000,B23M,5,107.16923,94.28962,10,1500,250,1.1974,0
CAPA00536GGG0001,635LO1,PN S AL 150 GN R6010 120 00,B14M,5,4.89384,3.62264,5,300,25,3.75,0
CLCS00050CLA0001,635LO1,CS050AA000TP 3001P 000 000 000,B13M,5,526.93846,316.5669,10,3000,500,0.0897,0
PKNC00127GGG0001,635LO1,SHTKR 1200 1150 0000 140 R17,B11M,10,23.07736,17.30142,5,4000,4000,0.396,0
STCL00060GGG0001,635LO1,CL1216 150 CR 00000 000,STEEL,100,2384.23076,1537.69396,21,25000,25000,1.131,0
CLPL00027CLA0001,635LO1,PL020AA001ST 10000 000 000 000,B12M,5,566.35384,292.8185,10,9000,1000,0.0953,0
CAPA00505GGG0001,635LO1,PN S AL 150 RD R3000 120 00,B14M,8,9.508,11.71977,5,150,25,4.371,0
CAPA02848GGG0001,635LO1,IN S 00 020 YW S1ENI 000 00,B14M,10,0.46012,0.78519,5,50,5,39.8,0
CLPL00204CLA0001,635LO1,PL020AA002ST 55000 000 000 000,B13M,5,43.96923,33.77566,10,250,250,0.2403,0
STSH00401GGG0001,635LO1,SH1800 0912 100 CR 0000000 000,B11C,7,997.78461,900.05728,8,2000,2000,12.657,0
STCL00105GGG0001,635LO1,CL1216 120 HD 00000 000,STEEL,100,919.98461,679.74042,21,25000,25000,0.905,0
STDI00021GGG0001,635LO1,DI642 080 CR 00000 000,B12C,7,546,464.51855,8,12000,12000,2.471,0
PKNC00128GGG0001,635LO1,SPCPR 0325 0325 0015 000 R36,B14M,5,6.03461,3.29482,5,600,600,4.36,0
STDI00202GGG0001,635LO1,DI642 120 HD 00000 000,M53P,0,250.81538,188.72467,0,1,0,3.2797,0
CLCS00087CLA0001,635LO1,CS020AA000TP 3000P 000 000 000,B14M,5,147.58461,49.14019,10,2500,2500,0.0473,0
CAPA04374GGG0001,635LO1,PN S AL 150 YW S1026 120 00,B13M_Lock,8,16.72292,12.3263,5,350,25,6.41,0
CLRI00095GGG0001,635LO1,EXL R02 STG 571 200 GCR-01,B11M,10,282.04615,246.85672,5,2000,500,4.3745,0
CLFL00062CLA0001,635LO1,FL020AC010ST 55000 000 000 000,B13M,5,39.96923,33.77566,10,250,250,0.4201,0
CLCS00016CLA0001,635LO1,CS050AA000TP 1749P 000 000 000,B13M_Lock,5,50.56923,39.26437,10,500,500,0.1316,0
CLCS00324CLA0001,635LO1,CS020AA000TP 1242P 000 000 000,B14M,5,81.83076,12.13818,10,2500,2500,0.0534,0
CAPA00553GGG0001,635LO1,PN S AL 150 GY R7035 120 00,B13M_Lock,8,4.84176,6.01399,5,200,200,3.7407,0
FALL00022GGG0001,635LO1,SEAL  S022,B14M,10,486.81538,51.91791,5,7000,7000,0.0423,0
STDI00001GGG0001,635LO1,DI642 120 CR 00000 000,B12M,7,375,468.12432,8,8000,1,3.706,0
CLFL00021CLA0001,635LO1,FL050AC010ST 55000 000 000 000,B13C,5,40.8923,33.77566,10,250,250,0.905,0
CLCS00325CLA0001,635LO1,CS020AA000TP 1502P 000 000 000,B15M,15,1.07692,9.80617,10,2500,2500,0,0
CLPL00082CLR0001,635LO1,PL056AD002PP 00000 000 001 000,B12M,5,521.87692,635.51451,10,9000,500,0.1688,0
CLCS00201CLA0001,635LO1,CS020AA000TP 2293P 000 000 000,B23M,5,64.64615,102.43198,10,2500,2500,0.0534,0
PKPL00215GGG0001,635LO1,WONS4 1200 1200 170 USZZ RHEN,B14M,14,5.90882,8.24998,5,374,374,14.5,0
CLCS00088CLA0001,635LO1,CS020AA000TP 3001P 000 000 000,B12M,5,890.36923,695.48108,10,10000,2500,0.0462,0
STSH00404GGG0001,635LO1,SH1800 0912 090 CR 0000000 000,B12C,7,990.64542,1066.76733,8,2240,2240,11.391,0
CAPA00502GGG0001,635LO1,PN S AL 150 OR R2002 120 00,B13M,10,9.248,15.95649,5,200,25,6.65,0
CAPA00521GGG0001,635LO1,PN S AL 150 BL R5010 120 00,B11M,10,216.71546,218.26411,5,1600,800,3.3759,0
CAPA00529GGG0001,635LO1,PN S AL 150 BL R5015 120 00,B13M,8,2.61704,3.75353,5,200,25,3.2191,0
CLPL01288CLA0001,635LO1,PL020AAS08ST 10000 000 000 000,B12M,5,2115.50769,2136.60756,10,27000,27000,0.0965,0
CLPL00188CLA0001,635LO1,PL020AA009ST 10000 000 000 000,B13M,5,162.26153,94.28962,10,2000,1000,0.7531,0
CLFL00025CLA0001,635LO1,FL020AC010ST 10000 000 000 000,B11M,5,3062.41538,2789.16192,10,27000,27000,0.1301,0
CAPA00484GGG0001,635LO1,PN S AL 150 BL ARAL  120 00,B14M,8,0.56438,1.39654,5,200,25,2.67,0
GAGT00148GGG0001,635LO1,DL 571 105 R35 RO YW 1822,B24M,60,54.67692,46.42804,5,5000,500,0.6461,0
CAPA00572GGG0001,635LO1,PN S AL 150 GY R7005 120 00,B14M,8,4.08553,5.94136,5,150,25,3.2204,0
CLPL00013CLA0001,635LO1,PL050AA059ST 10000 000 000 000,B13M,5,347.36923,260.28938,10,1500,250,0.1625,0
CAPA00541GGG0001,635LO1,PN S AL 150 GN R6029 120 00,B12M,8,42.62423,28.06889,5,300,25,3.6223,0
CAPA00526GGG0001,635LO1,PN S AL 150 BL R5013 120 00,B15M,8,2.99076,1.99803,5,200,25,3.501,0
CLSC00413CLI0001,281ME2,SC160IN094PE 00000 202 007 000,B44M,40,16.36923,11.07568,5,1080,1080,8.1843,0
RSIB00403DE10001,179ME1,IB 100M U R 1 NE E M1 160 050,M14C,5,10.33846,,0,1,1,69.1219,0
IBVL00031GGG0001,281ME2,BY080WB GNNE NY SY CC3 0HE0000,B45C_GPI,40,25.76923,2.31293,21,720,720,3.1653,0
IBIB00095GQB0018,281ME2,SHS100U ST BK 050BY160 052,M52P,15,52.76923,0.63419,0,56,56,100.2033,0
STTB02075DE10001,634HA1,TOPO 642 080 HD 00000 000COT,M24M,0,119.87692,99.27314,5,3200,800,7.0578,0
IBMP00001GGG0001,281ME2,LT NA  NA     NA  AL NA 0 ALNA,B41C_GPI,40,597.84615,381.74809,21,2500,2500,0.8502,0
FANB00083GGG0001,281ME2,SCRW CHR S38,B12M,15,881.72307,596.64818,5,25000,25000,0.0333,0
FANB00065GGG0001,281ME2,NUT  STG N10,B12M,5,931.93846,612.38051,5,25000,25000,0.0105,0
PKBX00115GGG0001,425GK1,BOX CARD 366 366 440 000 P0000,B33P,30,35.67692,,10,1,1,0.7917,0
CLCS00088CLA0001,634HA1,CS020AA000TP 3001P 000 000 000,B15M,5,1391.58461,1017.83045,10,20000,2500,0.0462,0
CAPA00568GGG0001,634HA1,PN W AL 150 YW SHELL 125 00,B13M,7,5.33415,5.2447,5,100,25,6.91,0
IBIB00105GQB0004,281ME2,SWT100U ST NE 050BY160 053,M25M,0,0.8,,0,1,1,94.6066,0
CLSC00295CLR0001,425GK1,SC051AZ000PE 0000N 041 002 950,M35M,0,0,,10,1,1,0.092,0
CLPL00027CLA0001,634HA1,PL020AA001ST 10000 000 000 000,B15M,5,3421.53846,2626.74045,10,9000,1000,0.0953,2
FANB00074GGG0001,281ME2,RIVT STG R03,B16C,5,0,,5,1,1,0.021,0
CLCS01566CLA0001,634HA1,CS020AA000TP 8127P 000 000 000,B13M,5,129.92307,158.75475,5,2500,2500,0.0534,0
CAPA00185GGG0001,634HA1,PN W AL 155 RD R3000 210 CR,B13M,7,11.06153,13.37193,5,100,25,3.98,0
CLSC00648IT10001,281ME2,SC160IR008PE 00000 353 007 000,B43C_GPI,40,13.2923,11.77582,21,1680,1680,1.3231,0
CAPA00099GGG0001,634HA1,IN S 00 020 WH R9006 000 00,B13M,10,0.02751,0.87455,5,20,5,46.8,0
RSIB00796DE10001,179ME1,IB 100L U W E NE X ME 160 050,M13C,5,13.55384,,0,1,1,22.3482,0
IBIB00234GQB0001,281ME2,SPJ100U FD NE 050BY240 052,M35P,10,4.61538,3.54902,0,1,1,96.2688,0
CAPA00482GGG0001,634HA1,PN W AL 150 BL ARAL  125 00,B13M,7,16.47815,8.33736,5,100,25,4.02,0
CAPA00326GGG0001,634HA1,IN S 00 020 WH R9010 000 00,B11M,10,0.29064,1.18498,5,50,5,31,0
PKBT00082GGG0001,281ME2,STRP NYL YW 030 300 TIE0003,B13M,10,453.16923,164.09146,5,10000,10000,0.0789,0
PKLB00288GGG0001,281ME2,LABEL FDE057   ZZZZZZZZ,B24M,20,19.75384,15.52688,5,10000,10000,0,0
PKLB00169GGG0001,281ME2,LABEL GQB001   ZZZZZZZZ,B23M,20,63.56923,62.23568,5,10000,10000,0.1114,0
STSH00494GGG0001,634HA1,SH1155 0620 070 CR 0000000 000,B12C,7,22.6,32.25192,8,2000,2000,3.116,0
IBPB00046GQB0009,281ME2,G100X ST NE 050BY160 0 00,M25C,5,0,85.41803,5,1,1,27.5148,0
REPA00113GGG0001,281ME2,PR MIX  L06 CL AX8900   000 4,B23M,20,20.901,11.19247,5,1375,1375,6.43,0
CLSC00184IT10001,281ME2,SC240IR008PE 00000 000 007 000,B43C_GPI,40,183.53846,112.79647,21,768,768,1.3354,0
IBCP00110GGG0001,281ME2,PLAST VPROTECT GCUBE   STANDRD,B55M,60,1.72307,1.7941,5,1200,1200,1.4859,0
FANB00079GGG0001,281ME2,SCRW CHR S18,B11M,15,4502.70769,3486.99245,5,100000,100000,0.0264,0
IBIB00217GQB0008,281ME2,SPJ100U ST NE 050BY240 052,M15M,0,0.86153,0.71947,0,1,1,96.9196,0
IBIB00094GQB0001,281ME2,SHS100U FD BK 050BY160 052,M55P,15,0,0.01624,0,1,1,98.3797,0
REPA00030GGG0001,425GK1,MB LDPE L00 BK 7073     FCA 2,B21M,15,73.27206,,10,1250,1250,1.85,0
PKNC00065GGG0001,425GK1,SHTCD 0575 0375 0000 000 R00,B11M,10,44.23076,,10,5000,1000,0.164,0
FANB00066GGG0001,281ME2,SCRW CHR S09,B11M,15,4051.24615,2719.51748,5,100000,100000,0.0471,0
IBIB00045GQB0004,281ME2,SHS100U AS NE 050BY160 052,M53P,10,24.16923,4.95391,0,56,56,115.5379,0
PKLB00239GGG0001,281ME2,LABEL FIT003   160X090,B23M,20,1753.18461,872.76387,5,180000,180000,0.033,0
STSH00455GGG0001,634HA1,SH1800 0914 080 CR 0000000 000,B11C,7,2422.0923,1970.13246,8,2480,2480,10.367,0
CLRI00142GGG0001,425GK1,EXL R02 STG 400 100 BC217102,B25M,20,30.76923,,1,2000,2000,1.714,0
CLSC00182CLG0001,281ME2,SC160IR008PE 00000 111 007 000,B34P,25,12.6923,16.1493,5,1680,1680,1.9456,0
IBIB00057GQB0001,281ME2,SHS100U AS BK 050BY160 052,M54M,15,10.8923,0.05743,0,56,56,117.1885,0
CAPA00515GGG0001,634HA1,PN S AL 150 BL R5002 120 00,B12M,8,76.43326,67.40482,5,800,200,3.3186,0
RSIB00164DE10002,179ME1,IB 100L X R 1 NE G PL 160 050,M13C,5,27.38461,,0,1,0,54.8544,0
CLCS01091CLG0001,425GK1,CS070AM000PP 0000N 055 000 151,M45M,0,124.61538,,1,20000,20000,0.1654,0
IBCP00128GGG0001,281ME2,METAL TUBE     HPALLN0 EWY1_5,B44C_GPI,40,110.92307,32.38945,21,5000,5000,1.7697,0
PKBX00048GGG0001,425GK1,BOX CORR 580 380 330 000 P0201,B31M,35,86.98461,,10,5000,1000,1.249,0
PKLB00173GGG0001,281ME2,LABEL FDE016   ZZZZZZZZ,B22M,20,287.64615,118.41043,5,20000,20000,0.0337,0
CLSC00505IT10001,281ME2,SC160IR008PE 00000 351 036 000,B44C_GPI,40,7.75384,5.08555,21,1560,1560,1.8958,0
PKLB00220GGG0001,281ME2,LABEL FDE043   ZZZZZZZZ,B22M,20,638.67692,467.09969,5,90000,90000,0.0186,0
FANB00070GGG0001,281ME2,NUT  STG N11,B12M,5,502.4923,307.73787,5,10000,10000,0.0195,0
CLWG00097GGG0001,425GK1,GT370AD008RU 00000 001 000 000,B43P,40,1816,,1,5000,5000,0.4205,0
CAPA00562GGG0001,634HA1,PN S AL 150 GY R9006 120 00,B13M,8,9.0729,8.82366,5,200,0,5.0587,0
CAPA00152GGG0001,634HA1,IN S 00 020 RD R3020 000 00,B12M,10,2.81576,1.56592,5,50,10,33.5,0
IBIB00067GQB0001,281ME2,SWT100U AS NE 080BY240 052,M55P,10,6.33846,0.00894,0,56,56,115.201,0
STSH00502GGG0001,634HA1,SH1155 0620 050 CR 0000000 000,B12C,7,746.76923,387.07442,8,4000,1000,2.913,0
PKPL00119GGG0001,634HA1,WOCP3 1140 1140 138 NSHD NSPEC,B12M,5,78.73476,66.16584,5,270,270,15.9847,0
PKFL00420GGG0001,281ME2,BGSLPE 1300 1100 1900 070 S000,MM,20,8.84615,,5,2000,2000,1.935,0
RSIB00820DE10001,179ME1,IB 100M X R 1 NE J 00 160 050,M14C,5,7.21538,,0,1,1,67.0899,0
STDI00002GGG0001,634HA1,DI642 100 CR 00000 000,B11C,7,2926,2681.08285,8,10000,10000,3.12,0
CLMI00143GGG0001,281ME2,MI018IB000PE 00000 K14 000 000,B41C_GPI,40,2251.35384,1743.49623,21,10000,10000,0.0264,0
FALL00040GGG0001,179ME1,SEAL  S037,B25M,20,229.90769,,5,30000,30000,0.0442,0
STSH00456GGG0001,634HA1,SH1800 0914 090 CR 0000000 000,B12C,7,915.09276,734.88259,8,2240,2240,11.561,0
REPA00088GGG0001,425GK1,MB HD75 L00 BK PBK7073  000 2,B22M,15,0.14384,,10,250,25,2.45,0
CAPA00554GGG0001,634HA1,PN S AL 150 GY R7037 120 00,B13M,8,22.01692,22.58946,5,400,25,4.0161,0
IBIB00234GQB0003,281ME2,SPJ100U FD NE 050BY240 052,M55P,10,3.35384,,0,1,1,96.5797,0
PKLB00082GGG0001,179ME1,LABEL LCS0003  ZZZZZZZZ,B33M,30,132.2923,,5,10000,10000,0.169,0
CLSC00890IT10001,281ME2,SC160IR008PE 00000 000 004 000,B43C_GPI,40,54.33846,,21,1500,1500,0.9088,0
CAPA00729GGG0001,634HA1,IN S 00 020 YW R1023 000 00,B13M_Lock,10,0.23956,0.36857,5,20,5,44.8,0
PKLB00528GGG0001,281ME2,LABEL FDE065   ZZZZZZZZ,B24M,20,3213.44615,1479.12556,5,180000,180000,0.0301,0
CLPL00013CLA0001,634HA1,PL050AA059ST 10000 000 000 000,B15M,5,158.8923,160.02988,10,1500,250,0.1625,1
FANB00153GGG0001,281ME2,SCRW STG S29,B14M,10,450.92307,225.76975,5,15000,15000,0.0198,0
FANB00057GGG0001,281ME2,SCRW CHR S21,B12M,15,2741.95384,2620.84215,5,50000,50000,0.0644,0
REPL00184GGG0001,281ME2,HDPE V INEOS    HM5411EA WH BK,B25M,20,157.8923,129.38787,5,4125,4125,1.275,0
REPL00013GGG0001,425GK1,PPCO V PPR      10232    VI BK,B22M,15,169.12615,,10,25000,25000,1.28,0
REPA00032GGG0001,425GK1,MB LDPE L00 WH 8633     FCA 2,B23M,15,2.84347,,1,1250,1250,2.925,0
IBVL00030GGG0001,281ME2,BY080WB RDNE NN SY CC3 0HE0000,B43C_GPI,40,165.53846,158.80473,21,720,720,2.8684,0
CLWG00085GGG0001,425GK1,GT160AA008RU 00000 001 000 000,B45P,40,921.07692,,1,10000,10000,0.1791,0
FANB00082GGG0001,281ME2,SCRW STG S37,B12M,15,565.04615,375.67188,5,10000,10000,0.048,0
FANB00064GGG0001,281ME2,SCRW STG S10,B42C_GPI,40,502.4923,307.73787,21,10000,10000,0.025,0
IBPB00103GQB0006,281ME2,G100U ST NE 050BY160 0 3A,M24C,5,66.8923,,5,1,1,33.9974,0
CASL00015GGG0001,634HA1,1330    20 7 XYLENE   0,B11M,10,51.68982,74.86271,5,1400,100,1.1386,0
GACP00006GGG0001,634HA1,SMCOMP GR02,B21M,20,54.6924,43.31936,5,1600,400,2.92,0
RSIB00759DE10001,179ME1,IB 100M X W 2 NE 0 00 000 050,M14C,5,5.73846,,0,1,1,30.0482,0
CAPA01539GGG0001,634HA1,PN W AL 160 GY R9022 055 00,B14M,7,18.91073,17.22025,5,100,25,6.63,0
CHAG00013GGG0001,634HA1,ADHE THERMO   FP444,B11M,10,6.19661,6.68185,5,500,20,4.76,0
PKPL00144GGG0001,425GK1,WOCP1 1200 1000 138 NWHT NSPEC,B11M,10,25.47342,,10,250,1,13.9801,0
RSIB00753DE10001,179ME1,IB 100M X W 1 NE H MH 160 050,M15C,5,0.15384,,0,1,1,41.9496,0
IBPB00225GQB0002,281ME2,G100U AS NE 050BY160 0 3A,M25C,0,0,0.79515,5,1,1,47.7104,0
CLPL00007CLA0001,634HA1,PL050AA008ST 10000 000 000 000,B15M,5,1949.72307,1833.79378,10,13500,13500,0.1625,1
IBIB00042GQB0072,281ME2,SHS100U ST NE 050BY160 052,M25M,0,0,0.41673,0,1,1,100.6002,0
CAPA02610GGG0001,634HA1,PN S AL 150 BL R5008 025 00,MM,8,2.41956,1.98861,5,1,1,3.497,0
IBMP00067GGG0001,281ME2,LT NA  NA     NA  AL NA 0 ALWC,B16M,10,12.13846,0.12288,5,600,600,1.1167,0
PKLB00168GGG0001,281ME2,LABEL GQB002   ZZZZZZZZ,B23M,20,211.27692,260.83346,5,10000,10000,0.0508,0
CLWG00110GGG0001,425GK1,GT033AG046PX 00000 000 001 000,B33M,30,25716.92307,,10,1000000,20000,0.0034,0
FALL00023GGG0001,634HA1,SEAL  S023,B11M,15,532.92307,620.9057,5,20000,10000,0.0228,0
REPA00112GGG0001,281ME2,AS PA   L00 CL P18BXA   000 13,B23M,20,77.35821,41.94681,5,1600,800,23.02,0
CLMI00145CLI0001,281ME2,MI080KA057PE 00000 K10 000 012,B45C_GPI,40,34.06153,0.00192,21,1000,1000,0.8983,0
CLCS00090CLA0001,634HA1,CS020AA000TP 3010P 000 000 000,B15M,5,5.0923,9.70332,10,2500,2500,0.0364,0
PKPL00126GGG0001,634HA1,WONS4 1200 1200 ZZZ NSNO NSPEC,B14M,7,4.73372,4.58397,5,18,18,19.565,0
CAPA00541GGG0001,634HA1,PN S AL 150 GN R6029 120 00,B11M,10,64.02041,38.22153,5,800,200,3.3431,0
IBIB00083GQB0003,281ME2,SWT100X ST NE 050BY240 052,M15M,0,0,0.57367,0,1,1,87.6236,0
PKBX00050GGG0001,425GK1,BOX CORR 580 380 570 000 P0201,B32M,35,35.10769,,10,5000,1000,1.884,0
REPL00055GGG0001,425GK1,LDPE V FLEXIREN MR50A    VI BK,B13M,10,245.87692,,10,5500,25,2.59,0
CAPA00526GGG0001,634HA1,PN S AL 150 BL R5013 120 00,B13M,8,26.85927,21.45096,5,400,200,3.3024,0
RSIB00668DE10001,179ME1,IB 100M X W 1 00 J 00 000 080,M15C,5,2,,0,1,1,41.9496,0
IBIB00149GQB0008,281ME2,SHE100U AF NE 050BY160 052,M55P,10,4.56923,0.26515,0,1,1,118.1604,0
IBIB00149GQB0004,281ME2,SHE100U AF NE 050BY160 052,M55P,10,1.2923,1.82606,0,1,1,118.8718,0
IBIB00268GQB0004,281ME2,SHE100E ST NE 050BY160 052,M35P,5,0.86153,0.73094,0,1,1,99.1319,0
CLPL00001CLA0001,634HA1,PL050AA001ST 10000 000 000 000,B15M,5,3548.46153,2626.69134,10,9000,9000,0.1625,1
CLCS00050CLA0001,634HA1,CS050AA000TP 3001P 000 000 000,B14M,5,759.53846,95.17461,10,18000,18000,0.0897,0
STCL00097GGG0001,634HA1,CL0446 070 CR 00000 000,STEEL,100,345.13435,233.41618,21,25000,25000,0.913,0
STSH00454GGG0001,634HA1,SH1800 0910 120 CR 0000000 000,B12M,7,27.4,18.42014,8,1680,1680,15.347,0
IBVL00027GGG0001,281ME2,BY080SI BLBK YN SY CC3 THE0000,B45C_GPI,40,27.35384,15.90184,21,720,720,4.766,0
RSIB00757DE10002,179ME1,IB 100M U W 1 NE J PL 160 050,M14C,5,4.36923,,0,1,1,40.8917,0
RSIB00710DE10001,179ME1,IB 100L U W 1 NE J PL 160 050,M13C,5,69.4923,,0,1,1,22.3482,0
CLSC00701IT10001,281ME2,SC160IR008PE 00000 354 007 000,B43C_GPI,40,28.96923,28.04795,21,1680,1680,1.524,0
CLSC00867IT10001,281ME2,SC240IR008PE 00000 354 007 000,B43C_GPI,40,64.36923,35.80748,21,704,704,2.0212,0
PKNC00135GGG0001,634HA1,NETLD ZZZZ 0400 0000 ZZZ R08,B24M,35,120.78461,84.86106,5,10000,10000,0.5185,0
CAPA00570GGG0001,634HA1,PN S AL 150 YW SHLB  120 00,B11P,15,34.92492,28.9714,5,200,200,5.9777,0
RSIB00730DE10001,179ME1,IB 100M X R 3 99 0 00 000 999,M14C,5,1.53846,,0,1,1,64.8848,0
GAGT00041GGG0001,634HA1,DL 545 090 COT RO GY 1745,B12M,15,414.30769,523.56962,5,6000,2000,0.61,0
CLCS00332CLA0001,634HA1,CS020AA000TP 2151P 000 000 000,B15M,5,135.72307,23.4006,10,2500,2500,0.0568,0
IBCP00028GGG0001,281ME2,METAL CLIP     WPALLET 0,B42C_GPI,40,756.95384,748.189,21,6000,6000,0.0701,0
PKBX00049GGG0001,425GK1,BOX CORR 580 380 420 000 P0201,B32M,35,42.4923,,10,3000,500,1.473,0
PKFL00167GGG0001,281ME2,BGSLPE 1300 0520 1650 070 S000,B24M,20,71.60383,32.74842,5,1000,1000,2.8354,0
CLSC00481IT10001,281ME2,SC240IN008PE 00000 000 000 000,B45M,40,9.04615,,5,768,768,1.6553,0
RSIB00079DE10001,179ME1,IB 100M X W 1 NE Z ZZ 160 050,M15C,5,0.15384,,0,1,1,41.9496,0
CLSC00914IT10001,281ME2,SC240IR008PE 00000 000 004 000,B43C_GPI,40,67.12307,52.64167,21,720,720,1.402,0
IBIB00171GQB0006,281ME2,SPJ100X FD NE 050BY160 051,M35P,10,7.73846,0.99318,0,1,1,90.8395,0
IBVL00021GGG0001,281ME2,BY050WB RDBK YN SY CC2 0HT0000,B43C_GPI,40,184.58461,77.82161,21,1800,1800,2.2671,0
REPL00011GGG0001,425GK1,PPCO V TPC      4640     VI BK,B24M,20,66.68846,,10,25000,25000,2.065,0
CLLD00115CLI0001,281ME2,LD457AB000PE 00000 000 007 014,MM,40,0,,5,2000,2000,7.4784,0
STSH00470GGG0001,634HA1,SH1800 0967 080 CR 0000000 000,B13M,7,120.81538,99.30102,8,2310,330,10.969,0
REPA00301GGG0001,281ME2,PA PA   000 BR F506368  FCA 0,B25M,20,22.82153,15.22134,5,1000,1000,4.54,0
IBIB00351GQB0001,281ME2,SHE100U AB BK 050BY160 052,M53P,15,17.16923,16.46938,0,1,1,126.9628,0
IBIB00063GQB0001,281ME2,SHS100U AS NE 080BY240 052,M54M,10,13.15384,5.683,0,56,56,120.7726,0
CLCS00200CLA0001,634HA1,CS020AA000TP 1911P 000 000 000,B13M,5,221.55384,159.96312,10,2500,2500,0.0534,0
STSH00505GGG0001,634HA1,SH1155 0638 050 CR 0000000 000,B13C,7,895.24615,822.27449,8,4000,4000,3.0478,0
RSIB00870DE10001,179ME1,IB 100M X R 1 NE X PL 160 050,M14C,5,0,,0,1,1,65.173,0
IBIB00045GQB0019,281ME2,SHS100U AS NE 050BY160 052,M54P,10,7.44615,0.0663,0,1,1,117.3713,0
CLCS00216CLA0001,634HA1,CS020AA000TP 3006P 000 000 000,B13M,5,112.26153,59.54224,5,2500,2500,0.0577,0
PKLB00154GGG0001,425GK1,LABEL LB00015  ZZZZZZZZ,B12C,10,6276.92307,,10,1,1,0.007,0
IBCP00105GGG0001,281ME2,PLAST PFEET    SETFT   BAG,B44C_GPI,40,500.95384,333.6297,21,180,180,2.8991,0
IBIB00180GQB0003,281ME2,SHE100U FD NE 050BY160 052,M35P,10,4.43076,2.24977,0,1,1,101.3006,0
CLWG00099GGG0001,425GK1,GT445AD008RU 00000 001 000 000,B42P,40,1372.30769,,1,5000,5000,0.4933,0
IBIB00210GQB0005,281ME2,SPJ100U FD NE 050BY160 052,M45C,10,3.38461,3.67801,0,1,1,95.8333,0
PKFL00118GGG0001,425GK1,COVPEX 2000 2000 0000 050 S000,B13C,10,0.00769,,10,1,1,0.176,0
CLPL00028CLA0001,634HA1,PL020AA002ST 10000 000 000 000,B15M,5,158.8923,160.0364,10,1000,1000,0.0953,2
IBMP00009GGG0001,281ME2,BG NA  NA     ALL AL NA 0 ALNA,B41C_GPI,40,667.66153,455.00965,21,600,600,2.1391,0
CAPA00498GGG0001,634HA1,PN S AL 150 YW R1021 120 00,B13M,8,8.63692,3.7489,5,400,25,5.99,0
CLVT00001CLT0001,634HA1,VT UMBR LDPE  F4K VG BER,B41M,30,489.93846,566.19979,10,100000,10000,0.1788,0
REPL00096GGG0001,281ME2,HDPE V CPC      HXM50100 VI BG,B23M,20,449.87287,228.00966,5,24750,24750,1.351,0
IBVL00016GGG0001,281ME2,BY050WB GNNE NY SY CC2 0HT0000,B42C_GPI,40,189.78461,92.31879,21,1500,1500,1.0858,0
CAPA00188GGG0001,634HA1,PN W AL 155 BL R5002 210 00,B15M,7,21.17323,18.33111,5,100,25,4.58,0
CAPA00536GGG0001,634HA1,PN S AL 150 GN R6010 120 00,B13M,8,24.9453,21.74855,5,200,200,4.3111,0
CAPA00475GGG0001,634HA1,LQ S AL 070 CL A29   060 00,B11M,8,25.0019,33.66738,5,760,190,5.5262,0
FANB00077GGG0001,281ME2,SCRW STG S19,B13M,5,244.70769,116.07691,5,5000,5000,0.0032,0
CLWG00176GGG0001,425GK1,GT051AG016PE 00000 106 001 000,B52P,80,615.38461,,10,13000,13000,0.0107,0
IBPB00048GQB0002,281ME2,G100X ST NE 050BY240 0 00,M15M,0,8.93846,0.32855,5,1,1,27.3378,0
FANB00155GGG0001,281ME2,SCRW STG S62,B12M,15,3818.4,2417.86916,5,50000,50000,0.0206,0
IBIB00359GQB0002,281ME2,SPJ100U BA NE 050BY160 052,M55P,15,6.06153,1.89922,0,1,1,109.0709,0
CLCS01820CLA0001,634HA1,CS020AA000TP 8315P 000 000 000,B15M,5,1019.0923,509.11898,5,5000,2500,0.0638,0
STTU00007GGG0001,281ME2,RO STG 2019 220 220 120,B32M,25,2033.21467,,5,20175,807,0.8714,0
GAGT00043GGG0001,634HA1,DL 571 090 R25 RO YW 1820,B23M,60,84.83076,10.25775,5,3000,1500,0.3978,0
IBPB00056GQB0005,281ME2,G100X FD NE 050BY240 0 00,M15C,0,10,,5,1,1,28.0586,0
IBIB00217GQB0009,281ME2,SPJ100U ST NE 050BY240 052,M15M,0,10.0923,4.26416,0,1,1,96.2338,0
PKLB00268GGG0001,281ME2,LABEL FDE055   ZZZZZZZZ,B23M,20,222.38461,116.23588,5,10000,10000,0.0493,0
IBVL00078GGG0001,281ME2,BU050SI BKBK NY PY CC2 VVV0000,B45C_GPI,40,18.81538,4.88238,21,900,900,5.0815,0
REPL00014GGG0001,425GK1,PS   V EMPERA   514      VI BG,B14M,10,16.50046,,10,5500,25,2.525,0
IBIB00066GQB0001,281ME2,SWT100U AS NE 050BY240 052,M55M,10,7.2,0.15837,0,56,56,113.1929,0
FANB00059GGG0001,281ME2,SCRW STG S23,B12M,15,726.06153,692.99223,5,50000,50000,0.0127,0
CLWG00344GGG0001,425GK1,GT046AG119PE 00000 000 053 000,B33C,25,961.53846,,10,22000,22000,0.0126,0
IBCP00020GGG0001,281ME2,HYBR  CABLE    GROUND  M4M5,MM,15,0,,5,2000,2000,0.48,0
IBMP00074GGG0001,281ME2,BG NA  NA     ALL AL NA 0 ALWC,B14M,10,8.61538,4.86158,5,300,300,2.6307,0
STSH00501GGG0001,634HA1,SH1155 0583 050 CR 0000000 000,B13M,7,286.2,253.93892,8,4000,4000,2.85,0
IBIB00139GQB0005,281ME2,SWT100U AS BK 050BY160 052,M53P,15,32.47692,34.85129,0,1,1,111.7747,0
RSIB00671DE10001,179ME1,IB 100M 0 W 1 00 J 00 000 050,M14C,5,12.56923,,0,1,1,40.8913,0
CLWG00100GGG0001,425GK1,GT520AD008RU 00000 001 000 000,B43M,40,639.6923,,1,6000,6000,0.6384,0
CAPA00001GGG0001,634HA1,PN W AL 150 OR R2004 125 00,B14M,7,7.67076,9.07716,5,100,25,7.84,0
CAPA00490GGG0001,634HA1,PN S AL 150 YW LUBRI 120 00,B13M,8,3.4203,2.33255,5,25,25,8.3305,0
STTU00001GGG0001,281ME2,SQ STG 4212 180 180 100,B31P,25,24370.90538,18873.34666,5,28764,1692,0.6817,0
PKPL00192GGG0001,425GK1,WONS2 1140 1140 140 NWHT TRISU,B12C,10,1.64621,,10,1,1,5.4,0
CLFL00014CLA0001,634HA1,FL050AC010ST 10000 000 000 000,B15M,5,5823.07692,4634.4329,10,27000,27000,0.2528,1
CLSC00915IT10001,281ME2,SC240IR008PE 00000 000 039 014,B45C_GPI,40,7.46153,1.6583,21,704,704,3.0241,0
STCL00096GGG0001,634HA1,CL0445 050 CR 00000 000,STEEL,100,2523.28469,2123.23063,21,25000,25000,1.2276,0
REPL00025GGG0001,425GK1,HDPE V LYONBASL 5021DX   VI BK,B13M,10,457.884,,10,25000,25000,1.8,0
IBIB00271GQB0002,281ME2,SWT100E ST NE 050BY160 053,M55M,0,1.72307,1.7941,0,1,1,97.22,0
CLCS00394CLT0001,634HA1,CS060AM000PE 0000N 000 000 RIE,B13M,14,545.44615,631.98235,10,12000,3000,0.0386,0
IBCP00029GGG0001,281ME2,PLAST CONNECT  D80     WELD,MM,40,0,,5,1800,1800,1.0976,0
STDI00021GGG0001,634HA1,DI642 080 CR 00000 000,B11C,7,3050.73846,2856.50593,8,12000,12000,2.496,0
STDI00001GGG0001,634HA1,DI642 120 CR 00000 000,B12M,7,183.96923,170.19593,8,8000,8000,3.744,0
CAPA00508GGG0001,634HA1,PN S AL 150 RD R3009 120 00,B13M,8,4.82504,11.53403,5,200,200,3.0857,0
REPL00022GGG0001,425GK1,MDPE V TPC      3802     VI BG,B11M,10,80.25615,,10,5500,25,1.5,0
CLRI00084GGG0001,634HA1,EXL R02 STG 545 100 RCR13,B11M,15,414.30769,523.56962,7,4000,1000,1.542,0
REPL00051GGG0001,281ME2,HDPE V INEOS    HM4560UA VI BG,B25P,20,1889.84615,,5,1,1,1.3225,0
IBIB00139GQB0001,281ME2,SWT100U AS BK 050BY160 052,M53P,15,21.10769,0.22072,0,52,52,111.7747,0
PKBX00114GGG0001,425GK1,BOX CARD 366 366 500 000 P0000,B33M,30,0,,10,720,0,0.9971,0
CAPA00220GGG0001,634HA1,PN W AL 155 GY R7037 210 00,B15M,7,6.90415,6.03591,5,100,25,3.84,0
IBVL00009GGG0001,281ME2,BY050WB RDNE NN SY CAM 0HT0000,B42C_GPI,40,49.66153,72.53336,21,1800,1800,2.5216,0
PKFL00084GGG0001,425GK1,BGSLPE 0610 0400 1200 028 S000,B12M,10,105.72307,,10,10000,10000,0.142,0
IBVL00032GGG0001,281ME2,BY080WB RDBK NN SY CC3 0HE0000,B45C_GPI,40,19.72307,12.89888,21,720,720,2.9071,0
PKFL00082GGG0001,425GK1,STWLPE 0000 0500 0000 000 S003,B11M,10,22.81958,,10,1092,546,2.55,0
CLMI00142IT10001,281ME2,MI060KA000PE 00000 K05 000 012,B43C_GPI,40,1143.86153,607.31188,21,3000,3000,0.2894,0
CAPA00198GGG0001,634HA1,PN W AL 155 BK R9005 210 00,B15M,7,7.30632,9.40829,5,100,25,3.43,0
CLSC00798IT10001,281ME2,SC160IR008PE 00000 504 039 014,B44C_GPI,40,78.75384,37.89506,21,1680,1680,2.1015,0
REPL00094GGG0001,281ME2,HDPE V LYONBASL 4261AGUV VI BK,B23P,20,14245.84615,,5,1,1,1.3264,0
CLCS00355CLA0001,634HA1,CS020AA000TP 2645P 000 000 000,B13M,5,232.01538,250.70003,10,7500,2500,0.0534,0
STSH00507GGG0001,634HA1,SH1800 1045 080 CR 0000000 000,B12C,7,3.66153,201.6761,8,2200,2200,8.4204,0
IBBU00013GQB0001,281ME2,SWT100X ST NE 050BY160 010S00,M32P,0,70.61538,83.98314,0,1,1,86.9092,0
CLWG00093GGG0001,425GK1,GT265AD008RU 00000 000 000 000,B42P,40,738.46153,,1,5000,5000,0.2373,0
IBIB00040GQB0004,281ME2,SWT100U ST NE 050BY240 052,M25C,5,2.58461,2.6066,0,1,1,91.7135,0
CLSC00674IT10001,281ME2,SC160IR008PE 00000 509 007 000,B44C_GPI,40,17.43076,10.61224,21,1200,1200,2.0667,0
CAPA00505GGG0001,634HA1,PN S AL 150 RD R3000 120 00,B14M,8,2.19315,2.57944,5,200,25,4.2089,0
PKLB00522GGG0001,281ME2,LABEL FIT017   125X050,B45C_GPI,40,28.12307,18.00802,21,5000,5000,0.02,0
IBIB00240GQB0008,281ME2,SHS100E ST NE 050BY160 052,M25M,0,0,0.93346,0,1,1,98.3029,0
PKFL00435GGG0001,634HA1,COVLPE 1250 0950 0900 070 S000,B24M,21,6.6234,6.94705,5,2000,2000,0.56,0
IBCP00124GGG0001,281ME2,METAL BPAN     HPALLN0 L008,B42C_GPI,40,488.33846,336.50843,21,3105,3105,10.942,0
CLWG00098GGG0001,425GK1,GT400AD008RU 00000 001 000 000,B45M,40,30.76923,,1,10000,10000,0.4567,0
PKBT00081GGG0001,281ME2,STRP NYL WH 048 100 TIE0002,B16M,10,21.41538,0.00192,5,10000,10000,0.0214,0
FANB00071GGG0001,281ME2,SCRW STG S25,B12M,15,1933.04615,1230.95146,5,50000,50000,0.029,0
REPA00109GGG0001,281ME2,UV HDPE L00 CL 00       000 2,B23M,20,5.4882,2.69149,5,1000,1000,9,0
REPA00096GGG0001,281ME2,MB MIX  H38 BK 193186   FCA 2,B24M,20,31.38492,11.95444,5,1000,1000,1.95,0
IBVL00017GGG0001,281ME2,BY050WB RDBK NN SY CC2 0HT0000,B44C_GPI,40,106.27692,4.75611,21,1800,1800,1.9762,0
IBCP00023GGG0001,281ME2,METAL CABLE    D25     L300,B43P,40,252.4,116.07691,5,10000,10000,0.2588,0
IBVL00060GGG0001,281ME2,BY050WB GNNE YY SY CC2 0HT0000,B45C_GPI,40,32.76923,22.8291,21,1800,1800,2.1388,0
IBIB00113GQB0001,281ME2,SWT100U ST BK 080BY160 052,M55P,0,0,0.07778,0,1,1,93.6715,0
IBPB00236GQB0001,281ME2,G100X ST 99 050BY160 0 00,M15M,0,6.98461,,5,1,1,26.764,0
CLCS00325CLA0001,634HA1,CS020AA000TP 1502P 000 000 000,B13M,10,-3.86153,39.05078,10,5000,2500,0,0
PKLB00167GGG0001,281ME2,LABEL GQB005   069X070,B21M,20,1560.70769,857.05474,5,180000,180000,0.0131,0
CAPA00502GGG0001,634HA1,PN S AL 150 OR R2002 120 00,B12M,8,16.2137,27.69224,5,600,200,6.9703,0
CAPA00193GGG0001,634HA1,PN W AL 155 GN R6010 210 00,B15M,7,3.8243,3.21202,5,100,25,4,0
CAPA00560GGG0001,634HA1,PN S AL 150 BK R9005 120 00,B13M,8,17.64615,15.41458,5,400,25,2.9142,0
PKLB00087GGG0001,179ME1,LABEL LCS0008  ZZZZZZZZ,B13M,15,15.76923,,5,1000,1000,0.18,0
STTU00006GGG0001,281ME2,SQ STG 1155 180 180 100,B33M,25,2916.52307,2013.73814,5,27720,693,0.7329,0
STSH03795GGG0001,634HA1,SH1155 0583 070 CR 0000000 000,B14C,7,90.67692,82.2987,8,4000,4000,3.868,0
IBIB00076GQB0004,281ME2,SWT100X FD NE 050BY160 051,M35P,10,0,0.56981,0,1,1,87.7721,0
REPL00032GGG0001,425GK1,HDPE V TPC      M6040ARZ VI BG,B11M,10,268.70192,,10,25000,25000,2.045,0
GAGT00040GGG0001,634HA1,DL 545 090 R25 RO YW 1730,B24M,60,33.52307,31.0168,5,3000,1000,0.3742,0
GAGT00044GGG0001,634HA1,DL 571 090 COT RO GY 1852,B13M_Lock,10,102.24615,100.43158,5,2000,1000,0.625,0
STDI00003GGG0001,634HA1,DI642 090 CR 00000 000,B11M,7,1499.0923,875.7351,8,11000,11000,2.808,0
CAPA00567GGG0001,634HA1,PN S AL 150 RD SHELL 120 00,B11M,10,122.5455,113.72813,5,1600,200,4.4337,0
IBIB00389GQB0001,281ME2,SPJ100X FD BK 050BY240 051,M53P,15,18.76923,19.82375,0,1,1,91.2864,0
PKBT00080GGG0001,281ME2,STRP NYL WH 036 100 TIE0001,B11M,10,855.03076,611.12176,5,10000,10000,0.0196,0
CLRI00099GGG0001,634HA1,EXL R02 STG 571 125 GCR-02,B14M,15,135.86153,110.68934,5,2400,2400,1.991,0
IBCP00018GGG0001,281ME2,METAL SUPPORT  HPALLN0 0,B42C_GPI,40,512.33846,307.73787,21,5720,5720,5.2317,0
PKFL00170GGG0001,281ME2,STWLPE 2K   0500 0000 008 S000,B13M,15,156.51138,20.68965,5,1440,1440,4.06,0
PKPL00116GGG0001,634HA1,WOCP9 1140 1140 156 NSHD NSPEC,B12M,5,36.6923,22.03481,5,18,18,18.9272,0
CLCS02445CLA0001,634HA1,CS020AA000TP 8513P 000 000 000,B15M,5,1366.18461,1253.28007,5,20000,20000,0.0629,0
IBIB00265GQB0001,281ME2,SPJ100U ST NE 050BL240 052,M15C,0,1.78461,0.38463,0,1,1,102.6168,0
CLPL01288CLA0001,634HA1,PL020AAS08ST 10000 000 000 000,B15M,5,1414,1208.20145,10,27000,27000,0.0965,1
RSIB00745DE10001,179ME1,IB 100L U W 1 NE X WW 160 050,M14C,5,7.07692,,0,1,1,22.3482,0
CAPA00521GGG0001,634HA1,PN S AL 150 BL R5010 120 00,B12M,8,66.03033,65.81511,5,800,200,2.8406,0
CLSC00714IT10001,281ME2,SC160IR008PE 00000 000 039 014,B44C_GPI,40,64.18461,21.761,21,1680,1680,1.9348,0
CAPA00484GGG0001,634HA1,PN S AL 150 BL ARAL  120 00,B13M,8,5.97343,6.66557,5,200,200,3.0244,0
IBIB00084GQB0001,281ME2,SWT100X ST NE 050BY240 051,M14M,0,0.03076,0.88907,0,56,56,86.7322,0
REPA00302GGG0001,281ME2,PR MIX  000 NE FUSAE100 FCA 0,B25M,20,14.58184,10.08474,5,1250,1250,4.2,0
CAPA00513GGG0001,634HA1,PN S AL 150 RD R3020 120 00,B14M,8,3.12812,3.79082,5,200,200,5.99,0
IBIB00108GQB0008,281ME2,SWT100U ST BK 050BY160 052,M55P,15,7.38461,4.90361,0,1,1,92.1579,0
IBCP00024GGG0001,281ME2,METAL CLIP     ELEKTRN 0,B54P,60,159.38461,75.25658,5,20000,20000,0.5505,0
PKLB00081GGG0001,179ME1,LABEL LCS0002  ZZZZZZZZ,B33M,30,123.90769,,5,10000,10000,0.1715,0
REPL00024GGG0001,425GK1,HDPE V LYONBASL 4261AQ14 VI BG,B14M,10,24.94615,,10,1375,25,1.65,0
CLSC00679IT10001,281ME2,SC160IR008PE 00000 510 007 000,B41C_GPI,40,469.55384,399.1319,21,1560,1560,1.5124,0
REPL00031GGG0001,425GK1,HDPE R TPC      6081     VI BK,B23M,20,139.55,,10,25000,25000,1.275,0
FANB00069GGG0001,281ME2,SCRW STG S08,B12M,5,901.16923,612.38051,5,25000,25000,0.0337,0
PKFL00167GGG0001,179ME1,BGSLPE 1300 0520 1650 070 S000,D13C,3,33.48066,,5,1,1,2.8354,0
CLPL00266CLT0001,634HA1,PL682HZ000PE 00000 602 001 RIE,B24M,20,73.76923,55.2003,5,2000,1000,1.1094,0
IBIB00057GQB0004,281ME2,SHS100U AS BK 050BY160 052,M55P,15,5.90769,,0,1,1,116.2216,0
PKNC00305GGG0001,425GK1,SHTCD 1200 1000 0000 000 R00,B11M,10,16.38461,,10,6250,6250,0.2091,0
PKBT00083GGG0001,281ME2,STRP PP  CL 120 074 STRP036,B14M,15,221.19561,153.13702,5,80000,80000,0.0135,0
CLRI00085GGG0001,634HA1,EXL R02 STG 545 120 1260-02,B14M,15,33.52307,31.0168,5,2400,400,2.137,0
CAPA00564GGG0001,634HA1,PN S AL 150 WH R9010 120 00,B13M,8,73.63538,57.24308,5,800,200,3.5759,0
CLWG00270GGG0001,425GK1,GT046AG109PE 00000 117 001 000,B53P,80,5169.23076,,10,15000,15000,0.0179,0
PKFL00083GGG0001,425GK1,BGSLPE 0570 0520 1550 028 S000,B11M,10,56.32307,,10,7000,7000,0.198,0
CLRI00103GGG0001,634HA1,EXL R02 STG 545 200 GCR-11A,B11M,15,122.78461,80.3133,5,2000,500,4.0571,0
PKPL00262GGG0001,281ME2,WOIBC 1200 1000 135 NWHD NSPEC,B12C,5,355.56923,323.81983,5,600,600,18.5365,0
IBPB00108GQB0004,281ME2,G100X ST NE 050BY160 0 3A,M25C,5,17.61538,0.47765,5,1,1,31.2062,0
REPA00031GGG0001,425GK1,MB LDPE L00 YW 2600     FCA 2,B21M,15,13.50346,,10,500,500,6.45,0
IBIB00239GQB0016,281ME2,SWT100E ST NE 050BY160 052,M25C,4,1.2923,0.83883,0,1,1,92.4773,0
CAPA00199GGG0001,634HA1,PN W AL 155 WH R9010 210 00,B12M,7,30.29415,17.26735,5,100,25,3.84,0
CLVT00010CLG0001,425GK1,VT DL   041   000 RD 000,B14M,10,983.84615,,1,50000,50000,0.0235,0
CLWG00267GGG0001,425GK1,GT060AG109PE 00000 117 001 000,B54P,80,1107.6923,,10,9250,9250,0.0268,0
CLSC00649IT10001,281ME2,SC160IR008PE 00000 504 036 000,B43C_GPI,40,33.43076,15.72634,21,1680,1680,1.0569,0
CAPA00487GGG0001,634HA1,PN S AL 150 GY R7038 120 00,B13M,8,21.80293,10.34005,5,200,25,3.4043,0
CLSC01051IT10001,281ME2,SC160GR008PE 00000 000 007 000,B44C_GPI,40,349.46153,74.09537,21,1680,1680,0.7616,0
RSIB00665DE10001,179ME1,IB 100M U W 1 NE D M1 160 050,M14C,5,2.58461,,0,1,1,30.0181,0
CLSC00912IT10001,281ME2,SC240IR008PE 00000 351 039 014,B45C_GPI,40,32.93846,7.68875,21,704,704,3.6907,0
CAPA00187GGG0001,634HA1,PN W AL 155 RD R3020 210 00,B15M,7,1.76615,4.24862,5,100,25,5.51,0
PKLB00172GGG0001,281ME2,LABEL FDE021   ZZZZZZZZ,B23M,20,256.01538,114.30389,5,20000,20000,0.0654,0
IBIB00220GQB0001,281ME2,SPJ100U FD NE 080BY240 052,M55P,10,1.26153,1.21595,0,1,1,98.1059,0
FALL00022GGG0001,634HA1,SEAL  S022,B12M,15,147.44615,91.53038,5,7000,7000,0.0424,0
IBIB00058GQB0001,281ME2,SHE100U AS NE 050BY160 052,M55P,10,1.24615,0.64406,0,1,0,116.9357,0
CLCS00324CLA0001,634HA1,CS020AA000TP 1242P 000 000 000,B15M,5,318.96923,180.59921,10,2500,2500,0.0562,0
CAPA00168GGG0001,634HA1,IN S 00 020 BL R5002 000 00,B13M,10,0.40827,0.40842,5,20,5,44.5,0
CLMI00116CLG0001,281ME2,MI000PK000PE 00000 108 007 159,B32M,25,1109.18461,542.28926,5,9750,9750,0.9192,0
FANB00063GGG0001,281ME2,SCRW STG S13,B12M,15,2395.53846,1538.68933,5,50000,50000,0.0527,0
CAPA00196GGG0001,634HA1,PN W AL 155 GN R6029 210 00,B13M,9,34.86018,16.3282,5,100,25,3.7,0
CLFL00025CLA0001,634HA1,FL020AC010ST 10000 000 000 000,B15M,5,5236.38461,4011.59014,10,27000,27000,0.1301,1
IBIB00257GQB0005,281ME2,SPJ100U ST NE 050BL160 052,M25C,5,4.27692,3.58071,0,1,1,101.9289,0
CAPA00551GGG0001,634HA1,PN S AL 150 GY R7016 120 00,B15M,8,1.46561,2.14639,5,100,25,3.28,0
IBIB00097GQB0001,281ME2,SHS100U FD NE 080BY160 052,M55M,10,22.15384,,0,1,1,101.1787,0
CLCS00336CLA0001,634HA1,CS020AA000TP 2301P 000 000 000,B24M,5,-1.2,59.39589,10,5000,2500,0.0442,0
FALL00053GGG0001,281ME2,SEAL  S051,B44C_GPI,40,20.70769,14.62988,21,1000,1000,0.1383,0
STSH00457GGG0001,634HA1,SH1800 0914 100 CR 0000000 000,B12C,7,438.58468,331.74025,8,2000,2000,12.845,0
CLCS02111CLA0001,634HA1,CS020AA000TP 8427P 000 000 000,B14M,10,19.86153,26.04097,10,2500,2500,0.06,0
CAPA00316GGG0001,634HA1,IN S 00 020 YW R1021 000 00,B14M,10,0.03086,0.10954,5,10,5,43.8,0
PKPL00268GGG0001,281ME2,PJIBC 1200 1000 138 NWNO NSPEC,MM,40,280.8,186.28833,21,448,448,23.2946,0
CAPA00503GGG0001,634HA1,PN S AL 150 OR R2004 120 00,B13M,8,25.85092,22.11679,5,400,200,5.414,0
PKLB00083GGG0001,179ME1,LABEL LCS0004  ZZZZZZZZ,B32M,30,233.2,,5,10000,10000,0.1715,0
REPL00026GGG0001,425GK1,HDPE V INEOS    5050EA   VI BK,B13C,10,146.3323,,10,1375,25,1.114,0
RSIB00789DE10001,179ME1,IB 100M E R 1 NE D WW 240 050,M14C,5,0.01538,,0,1,1,71.9713,0
REPL00033GGG0001,425GK1,HDPE V TPC      0        VI OB,B22M,20,330.02307,,10,10000,500,0.71,0
IBVL00006GGG0001,281ME2,BY050WB RDNE NN SY CC2 0HT0000,B42C_GPI,40,764.61538,415.3965,21,1800,1800,1.0845,0
REPA00024GGG0001,425GK1,MB LDPE L00 WH 8864     FCA 2,B22M,15,6.46129,,10,1250,1250,3.8,0
IBMP00002GGG0001,281ME2,MD NA  NA     ALL AL NA 0 ALNA,B42C_GPI,40,909.07692,659.46739,21,1200,1200,1.1928,0
CAPA00325GGG0001,634HA1,IN S 00 020 BK R9005 000 00,B13M,10,0.16812,0.20539,5,5,5,43.1,0
STTU00002GGG0001,281ME2,SQ STG 4180 180 180 080,B31P,25,23985.435,18546.44111,5,28254,1662,0.5521,0
IBCP00043GGG0001,281ME2,METAL TUBE     HPALLN0 EWAY,B44C_GPI,40,124.8923,143.40843,21,5000,5000,2.849,0
IBPB00085GQB0001,281ME2,G100U ST BK 050BY240 0 00,M55P,15,2.58461,0.66382,5,1,1,30.0557,0
CAPA00566GGG0001,634HA1,PN W AL 150 RD SHELL 125 00,B13M,7,21.72461,17.80954,5,200,200,5.62,0
IBIB00059GQB0001,281ME2,SHE100U AS BK 050BY160 052,M55P,15,0,0.77044,0,1,1,117.1307,0
REPA00036GGG0001,425GK1,MB LDPE L00 RD 30536408 FCA 2,B23M,15,8.72492,,10,1250,1250,6.93,0
